,name,city
0,Alexandria Hardy,North Ronald
1,Shane Martinez,Ericabury
2,Jason Reynolds,North Austin
3,Anna Ford,East Anita
4,Joshua Villarreal,South Heatherton
5,Jacqueline Vargas,East Dawntown
6,Dylan Davis,Edwardbury
7,David Pena,East Maria
8,Bryan Sanchez,West Hannahmouth
9,Theodore Pope,Lyonsview
10,Austin Ward,West Emilyton
11,Sarah Evans,South William
12,Ronald Martin,Lucasbury
13,Rebecca Mason,Josephton
14,Amanda Mcfarland,Rachelton
15,William Young,New Adrienne
16,Janice Smith,Michelleville
17,Kristen Braun,Mccarthytown
18,Caitlin Medina,East Janiceport
19,Catherine Myers,North Ryanside
20,Matthew Harris,Jasonberg
21,Raymond Gonzales,Andreabury
22,Brian Weiss,Dyerfort
23,Greg Curtis,Samanthamouth
24,Glenn Cooper,New Brianland
25,Julia Riley,Brianchester
26,Stephen Lee,Lynnfort
27,Richard Collier,Debbieburgh
28,Chris Brown,West Sarah
29,Anne Hansen,Mullenland
30,Julie Eaton,Jameschester
31,Alicia Soto,Glennburgh
32,Timothy Massey,South Ryan
33,Michael Robinson,Tinaburgh
34,Robert Leach,Harrisport
35,Michael Gonzalez,East Teresa
36,Caroline Howard,Rhodesport
37,Marc Richard,Port Stephanie
38,Christopher Casey,South Amber
39,Angela Chen,Mannville
40,John Jenkins MD,Juliemouth
41,John Sosa,Tammyland
42,Hannah Johnson,Stephenville
43,Michele Carpenter,New William
44,Ryan Hall,Lake Jessicaton
45,Angela Snyder,West Elizabeth
46,Aaron Fischer,Lake Carrie
47,Selena Finley,Johnfurt
48,Christina Meza,Kristenchester
49,Todd Vasquez,Kristieview
50,Heather Brown,New Catherineside
51,Brad Christian,South Travis
52,Catherine Frey,Lake Shawn
53,Abigail Nelson,East Keithborough
54,Roger Mclaughlin,Robertsonstad
55,Mrs. Melinda Matthews,Port Meganborough
56,Tammy Matthews,South Benjamin
57,Shannon Smith,Mitchellchester
58,Ariel Santos,Chasetown
59,John Hughes,Port Katieberg
60,Jennifer Dixon,Warnerside
61,Brittany Wheeler,New Katherinechester
62,Guy Jenkins,East Omar
63,Christopher Bowman,North Amy
64,Anna Colon,East Cindyland
65,Kathryn Jacobs,Moonberg
66,Kathryn Figueroa,Lake Colleen
67,Brian Reynolds,Brownbury
68,Connor Dominguez,Lake Blakehaven
69,James Morrison,New Chad
70,Michael Murillo,Port Ricardo
71,Abigail Haynes,North Donaldport
72,Cindy Medina,Thomasfort
73,John Farmer,North Gregg
74,Olivia Navarro,Watkinsside
75,Anthony Savage,Sheltonmouth
76,Riley Crawford,Amandastad
77,Bethany Larsen,West Coryhaven
78,Tonya Hernandez,Port Jonathon
79,David Espinoza,South Nicholeborough
80,Jeff Espinoza,Bowenton
81,Teresa Flores,East Jessicaville
82,Bryan Stephenson,North Katie
83,Shelly Wright,Jacksonburgh
84,Rebecca Smith,Elizabethfurt
85,Rachel Brown,West Bobbytown
86,Rachael Potter,Andersonberg
87,Norma Ruiz,East Kristinamouth
88,Melissa Lang,New Sandramouth
89,Whitney Kelly,Lake Beverly
90,Tracy Whitney,Marilynmouth
91,Sue Brown,Levinestad
92,Cynthia Bell,Lake Geraldfurt
93,Nicole Wong,West Sheila
94,Amy White,Rogersbury
95,Dennis Christian,Adamston
96,Angela Rubio,Flowersstad
97,Arthur Smith,Alexiston
98,Roberto Avila,New Nicole
99,Frederick Thomas,East Angelachester
100,Chelsea Watts,North Tiffany
101,Jade Stone,Port Derrick
102,Daniel Kim,Traceyfurt
103,Steven Chapman,Lake Brianfort
104,Angela Hernandez,Ortizshire
105,David White,Brianberg
106,William Jordan,Lake Crystal
107,Brandon Willis,Port Ashleyfort
108,Jonathon Burke,Port Joshua
109,Sandra Calderon,Michaelfort
110,Dennis Adams,Lindseyport
111,Rachel Neal,Kristenville
112,Stacey Rhodes,South Breanna
113,Ryan Phillips,Latashamouth
114,Ronald Hayes,Lake Carlville
115,Todd Burgess,Lake Derekfort
116,Jennifer Booth,Bryanchester
117,Bailey Collier,Vasquezburgh
118,Tara West,East Sarahtown
119,John Myers,South Howard
120,Nicholas Williams,Watersshire
121,Robert West,Atkinsonton
122,Cynthia Aguirre,South Thomasfurt
123,Paul Jones,Lake Matthew
124,David Morgan,Gibsonshire
125,Patricia Ramirez,Lake Bridgetshire
126,Allison Baker,Nicolefurt
127,Donald Mccarthy,Michaelton
128,Andrew Thompson,Huffmantown
129,Lee Park,Port Savannah
130,Jason Christian,Fordville
131,Lauren Hall,Cruzhaven
132,Molly Harris,Nancyburgh
133,Hannah Davies,Port Wendyport
134,Ronald Stone,Watkinsburgh
135,William Harding,Thomasmouth
136,Sara Walker,Seantown
137,Joseph Moon,Sarahhaven
138,Donald Dean,Clarkberg
139,Bryan Robertson,Lake Desiree
140,Vanessa Coleman,Bradleyborough
141,Donna Washington,East April
142,Brian Brady,South Deborah
143,Jennifer Jackson,West Tyler
144,Cynthia Conway,South Christinaborough
145,Helen Thomas,Lake Johnton
146,Mary Mora,New Chelseaburgh
147,Thomas Ford,Lake Taylorton
148,Heidi York PhD,Washingtontown
149,Bianca Delacruz,Williamsside
150,Colin Brown,West Meghan
151,Scott Ware,Michaelhaven
152,Steve Kidd,Greenmouth
153,Marco Turner,Toddfort
154,Melissa Boyer,Derrickland
155,Veronica Davis,Katiemouth
156,Richard Vega,North Michele
157,Kathryn Nelson,North Franklinbury
158,Mary Young,East Andrewhaven
159,Joel Pena,Clarkberg
160,Jennifer Nolan,Port Shawnfort
161,Kenneth Crawford,Susanbury
162,David Johnson,Lake Christine
163,Jason Mcgee,Thompsonland
164,Garrett Bell,Port Chelsea
165,Monique Kane,Port Jennifer
166,Stephanie Gardner,West Andrewberg
167,Parker Castro,Nathanside
168,Alex Richards,East Scottfort
169,Matthew Lopez,West Alexanderfurt
170,Deborah Blackwell,Haasview
171,Aaron Peterson,Port Joseshire
172,Dorothy Watson,Valeriefort
173,Thomas Norris,South Katherineside
174,Lori Melendez,East Tyler
175,John Savage,South Jennifer
176,Allen Jones,North Ericton
177,Howard Harper,Jamesland
178,Rhonda Bailey,South Jessica
179,Drew Miller,Hernandezmouth
180,David Butler,Kimside
181,Charles Martin,North Kevinton
182,Jeremy Atkins,Georgetown
183,Jessica Graham,Williamhaven
184,Jennifer Trujillo,Butlermouth
185,Raymond Smith,New William
186,Angela Boyd,Andreaport
187,Jeffrey Hart,Douglashaven
188,Micheal Hudson,Juliabury
189,Samuel Clay,Lake Christopher
190,Cory Morrison,Woodardstad
191,Michael Miller,Jonesmouth
192,Renee Freeman,Martinview
193,Betty Krause,Gonzalezstad
194,Jesus Hall,Jenniferhaven
195,Marcus Galloway,Crystalland
196,Diane Green,Port Tammy
197,Preston Gay,Jenniferville
198,Jordan Jordan,New Joshua
199,Cody Parsons,Campbellburgh
200,Melissa Hill,Aaronberg
201,Anthony Scott,West Michellemouth
202,Amanda Smith,Port Bruce
203,Adrian Campos,Douglasfurt
204,Nancy Mcfarland,Rayhaven
205,Laura Chang,Bradleyberg
206,Joshua Hicks,Mathewshaven
207,Samantha Cooley,North Shawnshire
208,Rachel Murphy,Susanmouth
209,Jennifer Ross,Campbellbury
210,Jeffrey Robbins,Davidborough
211,Corey Boyle,Port Sandrastad
212,Caitlin Smith,Grayside
213,John Lane,North John
214,John Macdonald,Port Sean
215,Jeffrey Moses,New Patricia
216,Joshua Perry,New Mollyberg
217,Jennifer Porter,Lopezton
218,Michael Leonard,Mariamouth
219,Tracy Gray,East Linda
220,Allison Martinez,East Zachary
221,Brandon Martin,New Ericmouth
222,Alec Hall DDS,West Markberg
223,James Guerrero,Port Marissafort
224,David Anderson,East David
225,Benjamin Johnson,West Garymouth
226,Robin Mccann,Ashleyville
227,Tara Henderson,Lake Erinmouth
228,Dr. Karen Martinez,Hoffmanchester
229,Corey Myers,Corystad
230,Danielle Nguyen,East Bianca
231,Jaime Benitez,Port Raymondhaven
232,Danielle Patrick,Martinezberg
233,Lisa Alvarez,Danielview
234,Lauren Collins,West Reginaldmouth
235,Morgan Schultz,Thomasside
236,Linda Wolfe,Ruizside
237,Hailey Riley,Moorechester
238,Michael Thompson,West Daniel
239,Amanda Hernandez,South Debra
240,Todd York,West Codytown
241,Mr. Jeffrey Williams MD,Port Luis
242,Marcus Cummings,New Denise
243,Claire Smith,Lake Kennethhaven
244,Mr. Samuel Wong,Lake Alexander
245,Jose Rogers,Timothyfort
246,Susan Thompson,Stephensonchester
247,Emily Gonzalez,South Ginachester
248,Joel Terry,South Stephenborough
249,Patrick Clark,Holtstad
250,Sara Martinez,Camachoville
251,Victoria Mejia,Port Lindseyshire
252,Gabriel Wagner,North Brittanyhaven
253,Christian Jones,West Garytown
254,Cynthia Hayes,Laurenland
255,Kyle Vargas,Katherineberg
256,Mrs. Amanda Hughes,Rubioburgh
257,Jeffrey Stuart,Annburgh
258,David Garcia,Carolineton
259,Beverly Garcia,Tonyamouth
260,Melanie Welch,Port John
261,Kerri Simpson,Mccarthymouth
262,Ashley Rivera PhD,Kennedyview
263,Kevin White,Shelleytown
264,Brad Smith,South Caleb
265,David Collins,North Ronaldstad
266,Kathleen Christensen,Port Jasonchester
267,Andrew Jenkins,Adamsburgh
268,Carol Wilson,Amystad
269,Arthur Wade,Hufffurt
270,Derek Ford,Jessicashire
271,Alyssa Moss,Princeshire
272,Timothy Hughes,Ritaland
273,Alicia Evans,West Jack
274,Kelly Murphy,South Paul
275,John Dorsey,Leehaven
276,Jerome Roberts,Lake Brandontown
277,Cynthia Strickland,Port Brittanymouth
278,Samantha Miller,Arielville
279,Matthew Cabrera,East Tinaborough
280,David Reeves,East Isabel
281,John Roberts,West Emilyside
282,Alex Anderson,West Kimberlyport
283,Mark Crawford,North Kevinberg
284,Megan Cox MD,Nicolemouth
285,Sarah Clark,West Marymouth
286,Justin Jefferson,Lake Timothy
287,Tamara Sullivan,Lake Cynthia
288,Amber Thomas,Port Jessicastad
289,Casey Evans,Stacyborough
290,David Smith,East Mary
291,Natasha Mccann,Hallmouth
292,Derrick Fisher,Moranfort
293,Lisa Miller,Johnsonview
294,Cody Pineda,West Danielside
295,Wendy Strickland,Byrdborough
296,Jennifer Turner,West Joshuahaven
297,Jonathan Mendoza,South James
298,Yvonne Martinez,South Matthew
299,John Robbins,Ruizville
300,Dustin Nolan,Jessicafort
301,Jamie Jackson,Shawnmouth
302,Mary Benson,Dawsonland
303,Barbara Martinez,West Georgebury
304,Brittney Robertson,Lesliebury
305,Alicia Copeland,Jessicaview
306,Sally Moore,West Robert
307,Jordan Ortiz,Cookbury
308,Roberto Jackson,South Tonyaborough
309,Jennifer Brown,North Jerry
310,Theodore Anderson,South Nicoleport
311,Andrea Villegas,West Kelly
312,Christopher Barker,Fergusonberg
313,Paul Vincent DDS,Leeborough
314,Timothy Mueller,Patelchester
315,Alison Ponce,Terrellborough
316,Bradley Bridges,Sellersport
317,Morgan Wilkerson,North Erin
318,Alexis Wilcox,Lake Loganton
319,Robert Jackson,Brendastad
320,Anna Garcia,Port Shelbystad
321,Tiffany Mitchell,Lake Keithstad
322,Louis Thomas,Davidbury
323,Nicole Mora,North Vincent
324,Luis Hoffman,Mcdonaldhaven
325,Bryan Gill,Port Mercedes
326,Anna Beck,Port Markton
327,James Johnson,Carlamouth
328,Devon Kirby,Royton
329,Brian Ponce II,New Paul
330,Matthew Delgado,South Lindafort
331,Mackenzie Bishop,South Alejandrohaven
332,Jeremy Price,New Bruce
333,Penny Murray,New Nathanchester
334,Rhonda Massey DDS,North Victorborough
335,Jeffrey Peterson,Douglasfurt
336,Danny Vasquez MD,Brownchester
337,William Bowers,Smithfurt
338,Cynthia Wallace DVM,Grantshire
339,Natalie Schmidt,Austinport
340,Alice Gardner,Nicholasborough
341,Yvonne Young,Johnstonburgh
342,Willie Galloway,West Melissa
343,Joshua Bush,Lovefort
344,Donald Contreras,Theresaview
345,Richard Vasquez,West Shelia
346,Patrick Mccarthy,Lake James
347,Ryan Harding,Port Anne
348,Erin Dean,Port Vanessa
349,Wesley Mejia,South Brian
350,Melissa Holt,Port Scottton
351,Diane Solis,Evansberg
352,Madison Franco,Jonesberg
353,Richard Edwards,Bensonton
354,Mr. Jason Romero,Lake Edward
355,Michelle Allen,Wrightfurt
356,Jose Klein,Cherylfort
357,Karen Lopez,Robertmouth
358,Terri Pennington,Lake Brianside
359,Julie Henry,Lake Angelastad
360,Kimberly Murphy,Tylerville
361,Joseph Wright,Robinsonmouth
362,James Lopez,Port Jim
363,Christina Briggs,Jamesfurt
364,Kendra Small,Pruittport
365,Christine Davis,Valdezton
366,David Mendoza,West Dorothy
367,Joshua West,New Valerieburgh
368,Jeremy Jones,Harrisonburgh
369,Steven Williams,Guerreroborough
370,Christopher Miller,North Jamesport
371,David Ruiz,West Claudia
372,Kelly Jensen,Youngborough
373,Tina Vazquez,South Valerie
374,Mary Roberts,North Kennethburgh
375,Nicole Bush,Paulaborough
376,Anita Gutierrez,Warrenchester
377,Heather Peters,Cameronberg
378,Kathleen Rodriguez,Lorettabury
379,Amy Bauer,Davidfurt
380,Erin Williams,Rogersport
381,Amanda Scott,Nathantown
382,Brandon Shannon,Glenmouth
383,Mary Diaz,Rickymouth
384,Lauren Nguyen,Georgehaven
385,Ronald Kelly,Williamville
386,Raven Patterson,West Alejandro
387,Scott Long,Port Louis
388,Zoe Ryan,Jennifermouth
389,Judith Calderon,Deckermouth
390,Hayden Berry,Kimmouth
391,Rachel Brown,Port Sarahhaven
392,Victoria Bishop,Changshire
393,Kenneth Fisher,Harveyview
394,Raymond Guzman,Kristinehaven
395,Aaron Davis,Johnmouth
396,Katherine Bryant,North Paul
397,Craig Williams,Underwoodfurt
398,Katie Perkins,South Hector
399,Brandi Harrison,Clarkshire
400,Nicholas Francis,New Abigailfort
401,Kelly Brooks,East Kevin
402,Carrie Orozco,Adamschester
403,Danielle Simmons,Hollandland
404,Jordan Warner,North Dawn
405,Antonio Parker,North David
406,Jeremy Hayes,Perezhaven
407,Shelly Sanders,Campbellhaven
408,Justin Martinez,New Ianport
409,Jacqueline Garcia,West Ericmouth
410,David Williams,New Robert
411,Jennifer Johnson,Longside
412,Amber Walton MD,Williamsmouth
413,Angela Martinez,East Lisa
414,Cassandra White,North Lori
415,Tyler Villanueva,Lisatown
416,Shawn Martin,South Nicholasshire
417,John Shannon,Jamesside
418,Joe Wade,Burtonport
419,Derek Nelson,Houstonhaven
420,Dylan Anderson,Port Brittany
421,Jonathan Shaffer,Ortizmouth
422,Brooke Parks,West Susan
423,Kevin Hawkins,Nicholeburgh
424,Jennifer Padilla,Mikebury
425,Jacqueline Sanders,Warrenfort
426,Philip Brown,Lake Jackfort
427,Susan Martinez,New Michael
428,Erin Carroll,Guerrerofort
429,Christopher Brennan,Meaganside
430,Dawn Williams,Allentown
431,Travis Newton,Timton
432,Kyle Rodriguez,East Erica
433,Lisa Williams,Davidsonville
434,Jacob Brown,Andersonfort
435,Marc Short,East Mallorytown
436,Billy Edwards,Lake Kristen
437,Leslie Morgan,Stricklandburgh
438,Terri Ryan,South Paulview
439,Bob Short,Port Melissa
440,Brian Wright,Port Katrina
441,Samuel Woodward,Christinafurt
442,Amanda Smith,Laurachester
443,Pam Boyer,North Michelleland
444,Jason Greene,Michaelburgh
445,Christopher Morgan,Nguyenland
446,Edward King,Patriciaview
447,Jasmine Taylor,Ryanfort
448,John Jackson,Veronicaborough
449,Michelle Martin,Erikview
450,Thomas Ball,East Lori
451,Vanessa Higgins,South Annview
452,Robert Singh,Jodymouth
453,Michael Silva,Lake Amyfurt
454,Melody Bell,Cunninghamfurt
455,Mark Zamora,Jacksonburgh
456,Thomas Morales,South Jermaineland
457,Jessica Casey,Smithborough
458,David Mccarty,New Tonyafurt
459,Rebecca Cook,South Melissafort
460,Michael Baxter,East Allisonton
461,Chad Lopez,East Ruth
462,Kevin Stephenson,West Jonathanmouth
463,Amanda Cardenas,Kellerberg
464,Robin Sanchez,Lake Raven
465,Selena Lee,East Rebecca
466,Michael Brown,North Cherylland
467,Melvin Case,Caseyburgh
468,James Fuller,Peterview
469,Jennifer Gray,Kimberlyshire
470,Earl Welch,Randolphfort
471,Aaron Villegas,Russellport
472,Joanne Henry,New Calvin
473,Theresa Morgan,Port Amanda
474,Peggy Torres DDS,Stephenport
475,Jessica Taylor,North Kristinafurt
476,Robert Thomas,East Tonya
477,Ashley Herrera,New Tyler
478,Jeffrey Ramirez,North Cynthiaton
479,Kristy Shields,Taraside
480,Daniel Wade,Doughertyfort
481,Steven Bullock DDS,South Hannah
482,Charles Pennington,Lawsonberg
483,Christine Johnson,Jacksonfort
484,Breanna Campbell,East Kelly
485,Joseph Johnson,Lake Mario
486,Diana Miller,Douglastown
487,Devin Gilmore,Lake John
488,Donna Cox,South Kelly
489,Renee Booker,South Robert
490,Maria Buchanan,Port Ethan
491,Travis Richards,Holmesstad
492,Greg Horn,Kellyland
493,Ralph Garcia,Bellberg
494,James Stevens,New Tina
495,Pamela Holland,North Laurenfurt
496,Jessica Mcdonald,West Scott
497,Amy Davis,Port Daniel
498,Devin Garcia,Chadtown
499,Jessica Sandoval,Mullinsville
500,Christopher Henry MD,Fosterview
501,Timothy Bruce,North Elizabethfurt
502,Katelyn Powers,Lake Robertfurt
503,Victor Haas,Rickeyfurt
504,Ashley Kramer,South Tammy
505,Frank Ryan,Bethbury
506,Veronica Garcia,Loriville
507,Bradley Rangel,Port Amy
508,Robert Dickerson,Kleinport
509,Jason Johnson,Mitchellside
510,Jennifer Ramirez,Yangfurt
511,Tracey Campbell,Danielton
512,Charles Wood,New Tracyshire
513,Mr. John Sullivan,South Stephaniemouth
514,Steven Taylor,Wattschester
515,Emily Stevens,East Lisa
516,Laurie Greene,Pattonhaven
517,Rachel Alvarez,Meghanfort
518,Todd Mcmahon,West Sean
519,Shawn Davis,Laurenmouth
520,Joseph Parks,Zimmermanchester
521,Nicole Erickson,Whiteton
522,Kimberly Butler,Davidtown
523,Matthew Cook,East Jane
524,Sean Weaver,North Megan
525,James Hopkins,Chanberg
526,Marie Saunders,North Anthonytown
527,Sara Brown,Taylorton
528,Melissa Brown,Adamview
529,Kevin Perry,Grantmouth
530,Franklin Cameron,East Ryan
531,Brenda Smith,South Kimberlymouth
532,Melvin Delgado,North Teresa
533,Ruth Kramer,New Joshuabury
534,Thomas Salinas,Hesschester
535,Shelby Elliott,Jeremyburgh
536,Amanda Hale,Christopherhaven
537,William Curry,Stuartshire
538,Ana Miller,Robinsonport
539,Matthew Williams,Pennymouth
540,Hector King,Davisport
541,Laura Mann,Marshallchester
542,Gregory Johnson,Waltonberg
543,Michael Chapman,Lake Christopher
544,Peter Griffin,Kleinshire
545,Daniel Hogan,Port Dean
546,Robert Lyons,Garciahaven
547,Mark Williams,Rogersville
548,Jamie Williams,West Dannyview
549,Manuel Kennedy,Anthonybury
550,Robert Jenkins,Amyfurt
551,Cynthia Brown,Port Ginaport
552,Teresa Edwards,Reidmouth
553,Kathleen Landry,South Stevenbury
554,Jack Norris Jr.,Brianport
555,Sara Sanchez,Robertside
556,Andrew Serrano,South Josephstad
557,Mr. Thomas Lewis,Lake Loriview
558,Mr. William Jimenez DDS,Lorifurt
559,Kimberly Dean,Williamborough
560,Matthew Cummings,East Justinview
561,Melanie Cummings,East Keith
562,Justin Robertson,New Michael
563,Frederick Livingston,Port Carl
564,Steven Bowers,Lake Robinburgh
565,Courtney Ramirez,Justintown
566,Kim Rivas,Port Janice
567,Amy Wilcox,New Nancymouth
568,Carl Bailey,Port Melissamouth
569,Fred Diaz,West John
570,Miss Elizabeth Ballard MD,South Jennifer
571,Nicole Taylor,Cynthiafort
572,Eric Meza,Patrickborough
573,Bruce Morales,South Erin
574,Dennis Santiago,North Tammy
575,James Simpson,East Angela
576,Heather Robinson,Port Leslieside
577,Andrea Ramirez,New Kevinview
578,Gary Williams,Hudsonfort
579,Justin Howard,West Jerrymouth
580,Dana Marsh,Phillipburgh
581,Katie Adkins,Kaylafort
582,Matthew Turner,Loganmouth
583,Courtney Johnson,Derrickland
584,Daniel Parrish,Garyland
585,Katelyn Dodson,New Rodney
586,Mark Beck,Nathanborough
587,Justin Ward,Michaelland
588,Kim Downs,South James
589,Chelsea Morgan,West Stevenborough
590,Anita Moore,Port Amber
591,Rachel Rivera,North Tylerfurt
592,Donald Taylor,South Anna
593,Danielle Carter,Hollystad
594,Russell Conley,West Jessica
595,Jacob Clark,New Angela
596,David Foster,Port Markstad
597,Heather Wise,Cantuhaven
598,Crystal Woods,New Jessicamouth
599,Benjamin Williamson,East Anthonyshire
600,Glenn Watson,Port Patrickfort
601,Valerie Johnson,Travisberg
602,Jennifer Brown,Travistown
603,Rachel Moore,East Andrew
604,Vincent Caldwell,Brandyburgh
605,Nicole Tanner,Wesleyfurt
606,Anthony Diaz,Brookeshire
607,Alexander Ford,Nicoleburgh
608,Matthew Williams,South Jason
609,Reginald Bean,West Ian
610,Nicole Gardner,North Christian
611,Tracy Clark,South Troy
612,Robert Ingram,Youngville
613,Justin Mitchell,New Kelly
614,Andrew Hernandez,West Victor
615,Aaron Price Jr.,West Cynthia
616,Deborah Wilson,Gonzalezbury
617,Sara Henry,Elizabethstad
618,Joshua Parker,East Maria
619,Michelle Woods,Justinstad
620,Tristan Collier,Leviside
621,Carlos Smith,New Michellefurt
622,Elizabeth Sherman,North Josephside
623,Keith Chen,Port Christopherbury
624,Pamela Jones,Walkerport
625,Charles Wise,Shellytown
626,David Alvarez MD,Martineztown
627,Elizabeth White,Port Jamesburgh
628,Michael Cobb,East Susantown
629,Joshua Love,Kurtchester
630,Connor Carpenter,Collinsburgh
631,Rebecca Krause,Gonzalezstad
632,Robert Fox,Rossmouth
633,Daniel Lee,North John
634,Larry Coleman,Briggsmouth
635,Gary Mullins,Port Pamela
636,Jennifer Floyd,Tonyaborough
637,Thomas Thomas,North Jamie
638,Alexis White,Lake Larryland
639,Jessica Williams,Lake Diane
640,Alexandra Warren,South Julieside
641,Ryan Douglas,Lake Karen
642,Cheryl Chapman,Johnberg
643,Keith West,Taylorberg
644,Jessica Phelps,North Ana
645,Bryan Carroll,Jacksonville
646,Nicole Wilson,Barkerville
647,Brad Griffin,New Robert
648,Dennis Mendoza,Reevesshire
649,Lauren Munoz,West Michaelside
650,Gary Blankenship,Port James
651,David Crawford,Angelafurt
652,William Rush,Annmouth
653,Andrea Herman,East Robertton
654,Daniel Carrillo,Port Richard
655,Joseph Page,North Anitaland
656,Tanya Bowers,Cooleymouth
657,Melissa Richardson,New Thomasshire
658,Nicholas Ferguson,Lake Desireestad
659,Jon Nguyen,West Patrickchester
660,Michael Roman,Derekville
661,Maria Myers,East Brianchester
662,Michael Cummings,Robinsonmouth
663,Jennifer Williams,Garciamouth
664,Brittany Glass,Stacyburgh
665,Robert Scott,New Sierraborough
666,Brittany Sanders,New Robert
667,Tammy Mendoza,Fullerbury
668,Michelle Green,Port Sharon
669,Tiffany Clark,New Catherine
670,Christopher Evans,Angelamouth
671,Tricia Martinez,Lake Melanie
672,Justin Duke,Sweeneybury
673,Joshua Duncan,Derrickborough
674,Elizabeth Johnson,North Dannymouth
675,Mary Miller,New Victorton
676,David Conrad,Fowlerville
677,Rebekah Porter,Lake Jamesstad
678,Jennifer Mason,Lake Crystal
679,Scott Adams,West Colleenton
680,Heather Peters,Terrancefort
681,Jill Glass,Markmouth
682,Crystal Martinez,Lake Jaredhaven
683,Timothy Rogers,South Latashamouth
684,Victor Alexander,Garytown
685,Logan Miller,New Anthony
686,Troy Hays,Port Lindsayfurt
687,Tonya Long,Cristinamouth
688,Matthew Reed,Devinmouth
689,James Sheppard,Millshaven
690,Kelly Perez,Parsonsside
691,Jennifer Wilson,Millerland
692,Joseph Dixon,New Misty
693,Lisa Greene,South Jasminemouth
694,Joseph Brown,Port Lindseyside
695,Melanie Glover,North Michaelview
696,James Sutton,Port Emilyville
697,Gabriel Ingram,Adrianbury
698,Mikayla Barber,Jennifermouth
699,David Contreras,Melissamouth
700,Steve Wright,Adamsstad
701,Amanda Bowers,West Jamiefurt
702,Mary Morgan,West Cindyburgh
703,Jeffery Gillespie,Vickifurt
704,Joseph Flores,East Brandon
705,Lori Evans,Cynthiahaven
706,Sarah Cummings,Lake Sabrina
707,Crystal Morgan,North Steven
708,Erica Frazier,North John
709,Ryan Robinson,Manuelstad
710,Katrina Alvarez,Alexandriaside
711,Ashley Romero,Davidtown
712,Tanner Hernandez,Wilkinsonland
713,Michael Clark,Henryside
714,Christian Randall,Howellmouth
715,Carrie Brennan,New John
716,Jonathan Williams,Jacksonshire
717,Thomas Adams,Lake Jefferyburgh
718,Larry Webb,Lindaland
719,Heather Osborn,Brookeborough
720,Amy Howard,Lake Samantha
721,Kathy Bray,Acostabury
722,Adam Howard,New Jeffreymouth
723,Jennifer Hernandez,Danielleland
724,Roger Lawrence,Robertton
725,Brenda Herrera,Bridgesside
726,Pedro Jones,Spencerstad
727,Luis Gonzales,Port Aaron
728,Charles Johnson,East Linda
729,Anthony Baker,Donovanhaven
730,Johnny Williams,Paulaland
731,Jesse Price,Masonborough
732,Darrell Hall,North Tiffany
733,Sherry Pham,Aaronborough
734,Joel Hall MD,Kathyfurt
735,Derrick Bartlett,New Susanbury
736,Justin Lee,East Michaelport
737,Daniel Mendez,East Evelyn
738,Elijah Tyler,Edwardsborough
739,Kevin Davis,Port Karen
740,Rose Diaz,North Amber
741,Angel Ponce,Thomasborough
742,Marco Case,North Feliciamouth
743,Beth Collins,South Christian
744,Teresa Diaz,Port Eric
745,Thomas Baldwin,Banksburgh
746,Abigail Williams,New Susan
747,Lindsay Miller,Millerton
748,Deanna Miller,Greenfurt
749,Larry Payne,South Jennifer
750,Keith Butler,Hallfurt
751,Jessica Johnson,Johnborough
752,Desiree Holland,Lancefort
753,Kari Schultz,East Robertatown
754,Brian Hernandez,Josemouth
755,Jo Goodwin,Morristown
756,Crystal Alexander,Lake Garyport
757,Tara Bowers,New Janet
758,Katherine Gregory,New Brettfurt
759,Charlotte Bell,East Jamesview
760,Mrs. Heidi Mcconnell,Lopezstad
761,Heather Hudson,Andrewschester
762,Christopher Freeman,South Elizabeth
763,Andrea King,Lake Josephberg
764,Kyle Flores,South Claytonmouth
765,Tara Baird,Justinfurt
766,Danny Williamson,Johnsonchester
767,Stephanie Farrell,South Jeffborough
768,Elizabeth Lowery,Port Davidhaven
769,Jose Walker,South Justinside
770,Ann Porter,Bakerhaven
771,John Martin,Watsontown
772,Katherine Evans,Careybury
773,Michelle Richards,Port Marytown
774,Michael Strickland,East Bradley
775,Angela Anderson,South Codyshire
776,Thomas Miller,Claytonstad
777,Keith Bryan,Sawyerport
778,Kelly Wheeler,North Tonya
779,Heather Cunningham,Spencerburgh
780,Janice Calhoun,Crawfordburgh
781,Donald Walsh,Smithbury
782,Donald Garner,Emilyshire
783,Isabella Haynes,Garzafort
784,Connie Mendez,South Brent
785,Andrew Brandt,Erikshire
786,Valerie Fischer,Port Dale
787,Benjamin Scott,Blanchardchester
788,Maria Gonzalez,Lake Kimberlymouth
789,Donald Cole,Sergiomouth
790,Laura Mooney,West Lonniebury
791,Maria Thomas,Gonzalezbury
792,Richard Esparza,New Timothy
793,Dawn Merritt,Evansfurt
794,Rachel Hicks,Kimberlychester
795,Mariah Jennings,Hendrixborough
796,Amy Sanders,Lake Danielview
797,Jerry Hopkins,West Stephanie
798,Trevor Duncan,Lake Kevin
799,Joseph Smith,Hollandshire
800,Tara Cline,Stephenhaven
801,Denise Green,South Timothy
802,Danielle Davis,Shannonmouth
803,Ariana Torres,West Chadberg
804,Shawn Rangel,New Justinborough
805,Loretta Dorsey,East Michelle
806,Elizabeth Patterson,Robertsonfurt
807,Edgar Lopez,Kimchester
808,Carol Parks,Clarkhaven
809,Michael Casey,South Stacy
810,Robert Torres,Underwoodhaven
811,Donald Hicks,New Stephanie
812,Jessica Johnson,Rachelview
813,Gordon Li,New Eric
814,Kristen Ballard,Seanview
815,Luis Wilkerson,Baileytown
816,Kimberly Brandt,Boothtown
817,Jared Oconnell,East Johnburgh
818,Jerry Hall Jr.,Villanuevastad
819,Jeffrey Brown,North Jodyburgh
820,Sarah Valencia,Lake Sarahhaven
821,Jacob Young,Brianhaven
822,Claudia Combs,Sandrahaven
823,Troy Rangel,South Michael
824,Katie Woods,East Karina
825,Christie Mills,Olsonmouth
826,Mr. Richard Tran II,North Kaylabury
827,Clarence Jackson,Evanside
828,Daniel Wilson,Hernandezside
829,Justin Le,Robertchester
830,Heather Bates,Rachelland
831,Kenneth Knapp,South Logan
832,Wendy Martinez,Johnshire
833,Elizabeth Ramirez,North Robin
834,Jose Smith,New William
835,Karen Mcdonald,Parkertown
836,April Carey,South Jim
837,Sylvia Wilson,West Christopher
838,Mark Hart,Margaretville
839,Shawn Roth,East Jennifermouth
840,Kimberly Baker,West Kathryn
841,Jamie Harding,Johnsonstad
842,Erik Davis,Port Alicia
843,Joanna Snyder,Lake Aaronshire
844,Michael Smith,Reidland
845,Anthony Ortega,Hawkinsport
846,Andrew Ruiz,Stephanieton
847,Bryan Patel,North Carol
848,James Horn,Erictown
849,Christopher Jackson,Lake Danielburgh
850,Eric Nelson,Larsonton
851,Joseph Flores,Madelinestad
852,Katie Lopez,Longhaven
853,John Farley,Amandaside
854,James Santiago,North Samanthaton
855,David Sanchez,Lake Melissafurt
856,Eric Mcgee,East Laurenview
857,Ashley Lawson,Frederickmouth
858,Mr. David Young Jr.,Lake Seanchester
859,Howard Flores,Danielchester
860,Marie Gonzales,Port Christopher
861,Michael Gross,Kingmouth
862,Amber Suarez,Johnsonfurt
863,Taylor Smith,North Hannahmouth
864,Amy Conrad,Lisamouth
865,Tyler Mendez,New Victorside
866,Grace Walker,West Brian
867,Amy Doyle,Huberton
868,Joseph Bean,Mosshaven
869,Nathan Clark,Lake Matthew
870,Wayne Greene,North Bryanmouth
871,Nicole Warner,Lake Ryan
872,Mrs. Audrey Roach DVM,Martinborough
873,Kenneth Henderson,Allenfort
874,Caleb Hanson,West Marthatown
875,Robin Richardson,North Samuelberg
876,Corey Bauer,East Amy
877,Michelle Cruz,Saramouth
878,Traci Wilson,Jessicaport
879,Jose Zavala,Lake Kimberlyfurt
880,Lauren Hanson,New Donald
881,William Howell,Alexanderfurt
882,Dr. Linda Lewis,West Briana
883,David Curtis,New Peggy
884,Robert Kim,East Patriciaport
885,Kristie Cole,Emilyport
886,Paul Ramirez,East Kyleside
887,Amber Perez,Smithmouth
888,Shawn Gonzalez,Tanyaton
889,Seth Murphy,East Kyletown
890,Cheryl Lamb,Port Jenniferside
891,Carrie Williams MD,New Carrie
892,Tiffany Lewis,West Tony
893,Megan Rubio,Pattersonmouth
894,Joe Baird,Lake Michelle
895,Lisa Cowan,South Markborough
896,Tracy Padilla,Donaldmouth
897,Hannah Garcia,North Janice
898,Mary Jackson,Rosalesville
899,Christina Alvarez,Lucaston
900,Elizabeth Evans,Allisonton
901,Donald Yates,North Kyleside
902,Michael Henson,North Brittany
903,Kyle Kemp,South Michaelmouth
904,Kelsey Mcpherson,Perryville
905,Ronald Henderson,New Jeremyborough
906,Jacob Horton,New Fredstad
907,Christina Willis,West Coltonfurt
908,Jennifer Graham,West Jeffreyton
909,Mary Black,Lindaberg
910,Jared Fernandez,South Bruce
911,Cody Hunt,Jenniferview
912,Terri Yu,Pollardtown
913,Steven Holland,Port Andrew
914,Peter Martinez,South Jenniferland
915,Karen Morales,Jackborough
916,Ashley Watkins,West James
917,Matthew Adams,Port Pamela
918,Sergio Smith,Kristachester
919,Aaron Pierce,Port Steven
920,Renee Martin,Lake Daniel
921,Robert Sheppard,Adamtown
922,Todd Young,North Stephanie
923,Stephen Mitchell,South Ivanberg
924,Joshua Rogers,Port Colinview
925,Kelly Wilson,North Kevinbury
926,Christine Harrell,West Alan
927,Samantha Wright,Patrickport
928,Johnathan Cannon,Trevorchester
929,Jennifer Ward,Frankbury
930,Kenneth Garcia,Port Patrick
931,Stephen Miller,North Robert
932,James Krause,West Christianfurt
933,Frances Trevino,East Kristenborough
934,Jordan Hubbard,Rebeccaborough
935,Mrs. Helen Lewis PhD,Port Jennifermouth
936,Keith Obrien,Perryburgh
937,Paul Lee,Moorebury
938,Elizabeth Jones,South Valeriehaven
939,Christopher Harris,Santanafort
940,Jordan Hill,Mcknightbury
941,Mr. David Thompson Jr.,Timothyfort
942,Sara Smith,Mossville
943,Jessica Bentley,West Kathyville
944,Olivia Allen DVM,South Rachel
945,Dorothy Harris,Annabury
946,Samantha Lee,Kathleenburgh
947,Deborah Payne,South Zachary
948,Jeffrey Fischer,Gomeztown
949,Joshua Thompson,West Williamside
950,Jeffrey Newman,Leefort
951,Sydney Williams,New Keith
952,Austin Lee,Robertbury
953,Melissa Turner,Larrybury
954,Dr. Kevin Barrett,Elliottfurt
955,Alexa Fuentes,Port Cesar
956,Ryan Harvey,New Stephanie
957,Sandra Vaughn,Norrisburgh
958,Kayla Carrillo,South Kelly
959,Vincent Matthews,Branchview
960,Lucas Thomas,Youngberg
961,Brenda Johnston,Smithmouth
962,Jonathan Hanson,South Jonathonview
963,Patrick Baker,Andrewfort
964,Andrew Turner,Lindsaymouth
965,Antonio Reynolds,South Anneview
966,Brenda Davenport,Colemanside
967,Michael Mitchell,East Xavierstad
968,Hannah Jordan,West Jacob
969,Erika Holt,Nunezborough
970,Rodney Frank,Taratown
971,Leah Adkins,Edwardside
972,Victoria Riley,New Jennifertown
973,Kristen Wilson,Erikview
974,Kelly Faulkner,North Johnny
975,Anthony Black,South Barbarahaven
976,Cassandra Ewing,Mauriceside
977,James Fischer,Port John
978,Crystal Freeman,North Rodneyton
979,Christina Pope,Mcfarlandshire
980,Laura Richards,East Virginiafort
981,Jonathan Murray,East Amy
982,Robert Alvarez,South Johnbury
983,Shannon Bradshaw,Lake Thomasmouth
984,Joseph Banks,Lake Jennifer
985,Jessica Ferguson,Lewisport
986,Amanda Reyes,New Brian
987,Eric Diaz,Debraberg
988,Mark Macdonald,Matthewville
989,Shane Clark,New Thomas
990,Megan Hernandez,Jeremymouth
991,Amy Parrish,Lake Debbie
992,Michael Tran,Gonzalesstad
993,Nancy Andrade,Port Andrewshire
994,Samantha Ayala,Lake Lauren
995,Gregory Mathis,Port Troyton
996,Joseph Thompson,Angelashire
997,Virginia Carroll,Burnettshire
998,James Collins,Elizabethshire
999,Amanda Blake,Collinsberg
